Rata,main_intake,Age,Peso_kg,Sex,Sesi√≥n,Batch,main_intake_treat,Age_treat,Rid
1,0.628,46,0.157,Hembra,1,1,-0.572742699285278,-1.61569284157411,1
1,0.978,48,0.163,Hembra,2,1,-0.471676605512347,-1.46802687601967,1
1,0.33,50,0.165,Hembra,3,1,-0.658793259126231,-1.32036091046523,1
1,1.629,53,0.181,Hembra,4,1,-0.283693671094696,-1.09886196213358,1
1,2.805,55,0.187,Hembra,5,1,0.0558884039823518,-0.951195996579136,1
1,0.597,57,0.199,Hembra,6,1,-0.58169426759088,-0.803530031024697,1
1,0.42,60,0.21,Hembra,7,1,-0.632804835013191,-0.582031082693037,1
1,1.526,62,0.218,Hembra,8,1,-0.31343597869073,-0.434365117138598,1
1,0.438,64,0.219,Hembra,9,1,-0.627607150190583,-0.286699151584158,1
1,1.631,67,0.233,Hembra,10,1,-0.283116150558851,-0.065200203252499,1
1,3.525,69,0.235,Hembra,11,1,0.263795796886667,0.0824657623019405,1
1,3.172,71,0.244,Hembra,12,1,0.161863422309968,0.23013172785638,1
1,2.42,74,0.242,Hembra,13,1,-0.0552842991678722,0.451630676188039,1
1,2.024,76,0.253,Hembra,14,1,-0.169633365265245,0.599296641742479,1
1,2.772,78,0.252,Hembra,15,1,0.0463593151409039,0.746962607296918,1
1,1.032,81,0.258,Hembra,16,1,-0.456083551044524,0.968461555628577,1
1,1.806,83,0.258,Hembra,17,1,-0.232583103672385,1.11612752118302,1
1,2.421,85,0.269,Hembra,18,1,-0.0549955388999496,1.26379348673746,1
1,1.925,88,0.275,Hembra,19,1,-0.198220631789589,1.48529243506912,1
1,2.97,90,0.27,Hembra,20,1,0.103533848189591,1.63295840062356,1
2,0.99,46,0.165,Hembra,1,1,-0.468211482297275,-1.61569284157411,2
2,1.431,48,0.159,Hembra,2,1,-0.340868204143382,-1.46802687601967,2
2,0.835,50,0.167,Hembra,3,1,-0.512969323825288,-1.32036091046523,2
2,0.179,53,0.179,Hembra,4,1,-0.702396059582552,-1.09886196213358,2
2,1.528,55,0.191,Hembra,5,1,-0.312858458154885,-0.951195996579136,2
2,2.6,57,0.2,Hembra,6,1,-0.00330745094179345,-0.803530031024697,2
2,1.284,60,0.214,Hembra,7,1,-0.383315963528013,-0.582031082693037,2
2,0.828,62,0.207,Hembra,8,1,-0.514990645700746,-0.434365117138598,2
2,0.432,64,0.216,Hembra,9,1,-0.629339711798119,-0.286699151584158,2
2,0.454,67,0.227,Hembra,10,1,-0.622986985903821,-0.065200203252499,2
2,2.82,69,0.235,Hembra,11,1,0.0602198080011916,0.0824657623019405,2
2,1.428,71,0.238,Hembra,12,1,-0.34173448494715,0.23013172785638,2
2,1.687,74,0.241,Hembra,13,1,-0.266945575555182,0.451630676188039,2
2,1.458,76,0.243,Hembra,14,1,-0.333071676909471,0.599296641742479,2
2,1.494,78,0.249,Hembra,15,1,-0.322676307264255,0.746962607296918,2
2,2.268,81,0.252,Hembra,16,1,-0.0991758598921165,0.968461555628577,2
2,2.783,83,0.253,Hembra,17,1,0.0495356780880532,1.11612752118302,2
2,2.783,85,0.253,Hembra,18,1,0.0495356780880532,1.26379348673746,2
2,1.841,88,0.263,Hembra,19,1,-0.222476494295092,1.48529243506912,2
2,0.518,90,0.259,Hembra,20,1,-0.604506328756771,1.63295840062356,2
4,0.302,46,0.151,Hembra,1,1,-0.666878546628065,-1.61569284157411,4
4,0.6,48,0.15,Hembra,2,1,-0.580827986787113,-1.46802687601967,4
4,0.492,50,0.164,Hembra,3,1,-0.61201409572276,-1.32036091046523,4
4,0.356,53,0.178,Hembra,4,1,-0.651285492160242,-1.09886196213358,4
4,0.576,55,0.192,Hembra,5,1,-0.587758233217256,-0.951195996579136,4
4,0.99,57,0.198,Hembra,6,1,-0.468211482297275,-0.803530031024697,4
4,1.752,60,0.219,Hembra,7,1,-0.248176158140209,-0.582031082693037,4
4,1.744,62,0.218,Hembra,8,1,-0.25048624028359,-0.434365117138598,4
4,2.486,64,0.226,Hembra,9,1,-0.0362261214849766,-0.286699151584158,4
4,1.816,67,0.227,Hembra,10,1,-0.229695500993159,-0.065200203252499,4
4,0.948,69,0.237,Hembra,11,1,-0.480339413550027,0.0824657623019405,4
4,2.796,71,0.233,Hembra,12,1,0.0532895615710477,0.23013172785638,4
4,2.916,74,0.243,Hembra,13,1,0.0879407937217669,0.451630676188039,4
4,0.726,76,0.242,Hembra,14,1,-0.544444193028857,0.599296641742479,4
4,1.722,78,0.246,Hembra,15,1,-0.256838966177889,0.746962607296918,4
4,1.792,81,0.256,Hembra,16,1,-0.236625747423302,0.968461555628577,4
4,2.827,83,0.257,Hembra,17,1,0.0622411298766502,1.11612752118302,4
4,3.855,85,0.257,Hembra,18,1,0.359086685301144,1.26379348673746,4
4,0.254,88,0.254,Hembra,19,1,-0.680739039488353,1.48529243506912,4
4,2.331,90,0.259,Hembra,20,1,-0.0809839630129889,1.63295840062356,4
6,0.471,46,0.157,Hembra,1,1,-0.618078061349136,-1.61569284157411,6
6,0.462,48,0.154,Hembra,2,1,-0.620676903760439,-1.46802687601967,6
6,0.332,50,0.166,Hembra,3,1,-0.658215738590385,-1.32036091046523,6
6,1.086,53,0.181,Hembra,4,1,-0.4404904965767,-1.09886196213358,6
6,1.098,55,0.183,Hembra,5,1,-0.437025373361628,-0.951195996579136,6
6,0.776,57,0.194,Hembra,6,1,-0.530006179632724,-0.803530031024697,6
6,1.505,60,0.215,Hembra,7,1,-0.319499944317106,-0.582031082693037,6
6,0.808,62,0.202,Hembra,8,1,-0.520765851059199,-0.434365117138598,6
6,0.832,64,0.208,Hembra,9,1,-0.513835604629056,-0.286699151584158,6
6,1.98,67,0.22,Hembra,10,1,-0.182338817053842,-0.065200203252499,6
6,0.448,69,0.224,Hembra,11,1,-0.624719547511357,0.0824657623019405,6
6,0.45,71,0.225,Hembra,12,1,-0.624142026975511,0.23013172785638,6
6,0.23,74,0.23,Hembra,13,1,-0.687669285918497,0.451630676188039,6
6,0.458,76,0.229,Hembra,14,1,-0.62183194483213,0.599296641742479,6
6,0.944,78,0.236,Hembra,15,1,-0.481494454621718,0.746962607296918,6
6,0.956,81,0.239,Hembra,16,1,-0.478029331406646,0.968461555628577,6
6,0.729,83,0.243,Hembra,17,1,-0.543577912225089,1.11612752118302,6
6,0.729,85,0.243,Hembra,18,1,-0.543577912225089,1.26379348673746,6
6,1.24,88,0.248,Hembra,19,1,-0.39602141531661,1.48529243506912,6
6,0.744,90,0.248,Hembra,20,1,-0.53924650820625,1.63295840062356,6
7,1.288,46,0.161,Hembra,1,1,-0.382160922456323,-1.61569284157411,7
7,0.795,48,0.159,Hembra,2,1,-0.524519734542194,-1.46802687601967,7
7,0.492,50,0.164,Hembra,3,1,-0.61201409572276,-1.32036091046523,7
7,0.176,53,0.176,Hembra,4,1,-0.70326234038632,-1.09886196213358,7
7,1.086,55,0.181,Hembra,5,1,-0.4404904965767,-0.951195996579136,7
7,2.068,57,0.188,Hembra,6,1,-0.156927913476648,-0.803530031024697,7
7,0.995,60,0.199,Hembra,7,1,-0.466767680957662,-0.582031082693037,7
7,0.402,62,0.201,Hembra,8,1,-0.638002519835799,-0.434365117138598,7
7,2.07,64,0.207,Hembra,9,1,-0.156350392940803,-0.286699151584158,7
7,0.224,67,0.224,Hembra,10,1,-0.689401847526033,-0.065200203252499,7
7,2.398,69,0.218,Hembra,11,1,-0.0616370250621707,0.0824657623019405,7
7,0.221,71,0.221,Hembra,12,1,-0.690268128329801,0.23013172785638,7
7,1.824,74,0.228,Hembra,13,1,-0.227385418849777,0.451630676188039,7
7,0.687,76,0.229,Hembra,14,1,-0.555705843477841,0.599296641742479,7
7,1.872,78,0.234,Hembra,15,1,-0.21352492598949,0.746962607296918,7
7,0.708,81,0.236,Hembra,16,1,-0.549641877851465,0.968461555628577,7
7,1.482,83,0.247,Hembra,17,1,-0.326141430479327,1.11612752118302,7
7,1.715,85,0.245,Hembra,18,1,-0.258860288053347,1.26379348673746,7
7,0.762,88,0.254,Hembra,19,1,-0.534048823383642,1.48529243506912,7
7,1.255,90,0.251,Hembra,20,1,-0.391690011297771,1.63295840062356,7
8,0.356,46,0.178,Hembra,1,1,-0.651285492160242,-1.61569284157411,8
8,1.892,48,0.172,Hembra,2,1,-0.207749720631036,-1.46802687601967,8
8,0.543,50,0.181,Hembra,3,1,-0.597287322058704,-1.32036091046523,8
8,0.193,53,0.193,Hembra,4,1,-0.698353415831635,-1.09886196213358,8
8,0.404,55,0.202,Hembra,5,1,-0.637424999299954,-0.951195996579136,8
8,0.213,57,0.213,Hembra,6,1,-0.692578210473182,-0.803530031024697,8
8,0.404,60,0.202,Hembra,7,1,-0.637424999299954,-0.582031082693037,8
8,0.232,62,0.232,Hembra,8,1,-0.687091765382651,-0.434365117138598,8
8,0.726,64,0.242,Hembra,9,1,-0.544444193028857,-0.286699151584158,8
8,0.506,67,0.253,Hembra,10,1,-0.607971451971843,-0.065200203252499,8
8,0.494,69,0.247,Hembra,11,1,-0.611436575186914,0.0824657623019405,8
8,1.494,71,0.249,Hembra,12,1,-0.322676307264255,0.23013172785638,8
8,1.29,74,0.258,Hembra,13,1,-0.381583401920477,0.451630676188039,8
8,1.31,76,0.262,Hembra,14,1,-0.375808196562024,0.599296641742479,8
8,1.08,78,0.27,Hembra,15,1,-0.442223058184236,0.746962607296918,8
8,0.564,81,0.282,Hembra,16,1,-0.591223356432328,0.968461555628577,8
8,1.686,83,0.281,Hembra,17,1,-0.267234335823104,1.11612752118302,8
8,1.988,85,0.284,Hembra,18,1,-0.180028734910461,1.26379348673746,8
8,1.752,88,0.292,Hembra,19,1,-0.248176158140209,1.48529243506912,8
8,1.728,90,0.288,Hembra,20,1,-0.255106404570353,1.63295840062356,8
9,0.812,46,0.203,Macho,1,1,-0.519610809987509,-1.61569284157411,9
9,0.43,48,0.215,Macho,2,1,-0.629917232333965,-1.46802687601967,9
9,0.44,50,0.22,Macho,3,1,-0.627029629654738,-1.32036091046523,9
9,0.5,53,0.25,Macho,4,1,-0.609704013579379,-1.09886196213358,9
9,1.35,55,0.27,Macho,5,1,-0.364257785845118,-0.951195996579136,9
9,1.395,57,0.279,Macho,6,1,-0.351263573788598,-0.803530031024697,9
9,1.856,60,0.232,Macho,7,1,-0.218145090276252,-0.582031082693037,9
9,1.575,62,0.315,Macho,8,1,-0.29928672556252,-0.434365117138598,9
9,1.332,64,0.333,Macho,9,1,-0.369455470667726,-0.286699151584158,9
9,3.033,67,0.337,Macho,10,1,0.121725745068718,-0.065200203252499,9
9,2.124,69,0.354,Macho,11,1,-0.140757338472979,0.0824657623019405,9
9,1.071,71,0.357,Macho,12,1,-0.44482190059554,0.23013172785638,9
9,1.84,74,0.368,Macho,13,1,-0.222765254563015,0.451630676188039,9
9,1.9,76,0.38,Macho,14,1,-0.205439638487655,0.599296641742479,9
9,2.702,78,0.386,Macho,15,1,0.0261460963863178,0.746962607296918,9
9,1.188,81,0.396,Macho,16,1,-0.411036949248589,0.968461555628577,9
9,2.05,83,0.41,Macho,17,1,-0.162125598299256,1.11612752118302,9
9,0.413,85,0.413,Macho,18,1,-0.63482615688865,1.26379348673746,9
9,11.76,88,0.42,Macho,19,1,2.64173660322977,1.48529243506912,9
9,1.284,90,0.428,Macho,20,1,-0.383315963528013,1.63295840062356,9
12,0.579,46,0.193,Macho,1,1,-0.586891952413488,-1.61569284157411,12
12,0.585,48,0.195,Macho,2,1,-0.585159390805952,-1.46802687601967,12
12,0.627,50,0.209,Macho,3,1,-0.573031459553201,-1.32036091046523,12
12,0.696,53,0.232,Macho,4,1,-0.553107001066537,-1.09886196213358,12
12,0.747,55,0.249,Macho,5,1,-0.538380227402482,-0.951195996579136,12
12,0.262,57,0.262,Macho,6,1,-0.678428957344971,-0.803530031024697,12
12,0.624,60,0.312,Macho,7,1,-0.573897740356969,-0.582031082693037,12
12,0.592,62,0.296,Macho,8,1,-0.583138068930494,-0.434365117138598,12
12,1.224,64,0.306,Macho,9,1,-0.400641579603373,-0.286699151584158,12
12,0.963,67,0.321,Macho,10,1,-0.476008009531187,-0.065200203252499,12
12,2.656,69,0.332,Macho,11,1,0.0128631240618755,0.0824657623019405,12
12,0.996,71,0.332,Macho,12,1,-0.466478920689739,0.23013172785638,12
12,1.352,74,0.338,Macho,13,1,-0.363680265309273,0.451630676188039,12
12,0.7,76,0.35,Macho,14,1,-0.551951959994847,0.599296641742479,12
12,2.118,78,0.353,Macho,15,1,-0.142489900080515,0.746962607296918,12
12,0.756,81,0.378,Macho,16,1,-0.535781384991178,0.968461555628577,12
12,3.75,83,0.375,Macho,17,1,0.328766857169265,1.11612752118302,12
12,3.402,85,0.378,Macho,18,1,0.22827828393218,1.26379348673746,12
12,5.07,88,0.39,Macho,19,1,0.709930410827176,1.48529243506912,12
12,3.16,90,0.395,Macho,20,1,0.158398299094896,1.63295840062356,12
13,0.84,46,0.21,Macho,1,1,-0.511525522485674,-1.61569284157411,13
13,0.222,48,0.222,Macho,2,1,-0.689979368061878,-1.46802687601967,13
13,0.478,50,0.239,Macho,3,1,-0.616056739473677,-1.32036091046523,13
13,0.416,53,0.208,Macho,4,1,-0.633959876084882,-1.09886196213358,13
13,0.57,55,0.285,Macho,5,1,-0.589490794824792,-0.951195996579136,13
13,0.903,57,0.301,Macho,6,1,-0.493333625606547,-0.803530031024697,13
13,0.849,60,0.283,Macho,7,1,-0.50892668007437,-0.582031082693037,13
13,0.339,62,0.339,Macho,8,1,-0.656194416714927,-0.434365117138598,13
13,0.702,64,0.351,Macho,9,1,-0.551374439459001,-0.286699151584158,13
13,3.267,67,0.363,Macho,10,1,0.18929564776262,-0.065200203252499,13
13,0.774,69,0.387,Macho,11,1,-0.53058370016857,0.0824657623019405,13
13,3.072,71,0.384,Macho,12,1,0.132987395517702,0.23013172785638,13
13,2.412,74,0.402,Macho,13,1,-0.0575943813112535,0.451630676188039,13
13,0.852,76,0.426,Macho,14,1,-0.508060399270602,0.599296641742479,13
13,4.675,78,0.425,Macho,15,1,0.595870104997725,0.746962607296918,13
13,2.225,81,0.445,Macho,16,1,-0.111592551412791,0.968461555628577,13
13,4.4,83,0.44,Macho,17,1,0.516461031318994,1.11612752118302,13
13,4.57,85,0.457,Macho,18,1,0.565550276865846,1.26379348673746,13
13,0.468,88,0.468,Macho,19,1,-0.618944342152904,1.48529243506912,13
13,8.683,90,0.457,Macho,20,1,1.75322125883174,1.63295840062356,13
14,0.17,46,0.17,Macho,1,1,-0.704994901993856,-1.61569284157411,14
14,0.18,48,0.18,Macho,2,1,-0.70210729931463,-1.46802687601967,14
14,0.196,50,0.196,Macho,3,1,-0.697487135027867,-1.32036091046523,14
14,0.216,53,0.216,Macho,4,1,-0.691711929669414,-1.09886196213358,14
14,0,55,0.235,Macho,5,1,-0.754084147540708,-0.951195996579136,14
14,1.19,57,0.238,Macho,6,1,-0.410459428712743,-0.803530031024697,14
14,0.656,60,0.328,Macho,7,1,-0.564657411783444,-0.582031082693037,14
14,0.55,62,0.275,Macho,8,1,-0.595266000183245,-0.434365117138598,14
14,0.584,64,0.292,Macho,9,1,-0.585448151073875,-0.286699151584158,14
14,0.3,67,0.3,Macho,10,1,-0.66745606716391,-0.065200203252499,14
14,0.628,69,0.314,Macho,11,1,-0.572742699285278,0.0824657623019405,14
14,0.63,71,0.315,Macho,12,1,-0.572165178749433,0.23013172785638,14
14,1.005,74,0.335,Macho,13,1,-0.463880078278435,0.451630676188039,14
14,0.332,76,0.332,Macho,14,1,-0.658215738590385,0.599296641742479,14
14,0.347,78,0.347,Macho,15,1,-0.653884334571545,0.746962607296918,14
14,0.73,81,0.365,Macho,16,1,-0.543289151957167,0.968461555628577,14
14,0.356,83,0.356,Macho,17,1,-0.651285492160242,1.11612752118302,14
14,0,85,0.372,Macho,18,1,-0.754084147540708,1.26379348673746,14
14,0.766,88,0.383,Macho,19,1,-0.532893782311951,1.48529243506912,14
14,0.385,90,0.385,Macho,20,1,-0.642911444390484,1.63295840062356,14
16,0.66,46,0.22,Macho,1,1,-0.563502370711753,-1.61569284157411,16
16,0.696,48,0.232,Macho,2,1,-0.553107001066537,-1.46802687601967,16
16,0,50,0.249,Macho,3,1,-0.754084147540708,-1.32036091046523,16
16,1.37,53,0.274,Macho,4,1,-0.358482580486665,-1.09886196213358,16
16,1.465,55,0.293,Macho,5,1,-0.331050355034012,-0.951195996579136,16
16,2.99,57,0.299,Macho,6,1,0.109309053548044,-0.803530031024697,16
16,3.19,60,0.29,Macho,7,1,0.167061107132576,-0.582031082693037,16
16,2.68,62,0.335,Macho,8,1,0.0197933704920193,-0.434365117138598,16
16,2.4,64,0.341,Macho,9,1,-0.0610595045263254,-0.286699151584158,16
16,2.13,67,0.355,Macho,10,1,-0.139024776865443,-0.065200203252499,16
16,2.202,69,0.367,Macho,11,1,-0.118234037575012,0.0824657623019405,16
16,0.714,71,0.357,Macho,12,1,-0.547909316243929,0.23013172785638,16
16,2.25,74,0.375,Macho,13,1,-0.104373544714724,0.451630676188039,16
16,0.391,76,0.391,Macho,14,1,-0.641178882782948,0.599296641742479,16
16,0.393,78,0.393,Macho,15,1,-0.640601362247103,0.746962607296918,16
16,1.206,81,0.402,Macho,16,1,-0.405839264425981,0.968461555628577,16
16,1.7,83,0.425,Macho,17,1,-0.263191692072187,1.11612752118302,16
16,0.421,85,0.421,Macho,18,1,-0.632516074745269,1.26379348673746,16
16,3.4,88,0.425,Macho,19,1,0.227700763396334,1.48529243506912,16
16,0.844,90,0.422,Macho,20,1,-0.510370481413984,1.63295840062356,16
17,1.384,47,0.173,Hembra,1,2,-0.354439936735748,-1.54185985879689,17
17,NA,49,0.188,Hembra,2,2,NA,-1.39419389324245,17
17,NA,50,0.188,Hembra,2,2,NA,-1.32036091046523,17
17,0.585,51,0.195,Hembra,3,2,-0.585159390805952,-1.24652792768802,17
17,0.406,54,0.203,Hembra,4,2,-0.636847478764109,-1.02502897935636,17
17,0.597,56,0.199,Hembra,5,2,-0.58169426759088,-0.877363013801916,17
17,0.414,58,0.207,Hembra,6,2,-0.634537396620727,-0.729697048247477,17
17,2.808,61,0.216,Hembra,7,2,0.0567546847861197,-0.508198099915818,17
17,1.368,63,0.228,Hembra,8,2,-0.35906010102251,-0.360532134361378,17
17,2.784,65,0.232,Hembra,9,2,0.0498244383559758,-0.212866168806939,17
17,1.185,68,0.237,Hembra,10,2,-0.411903230052357,0.00863277952472073,17
17,1.494,70,0.249,Hembra,11,2,-0.322676307264255,0.15629874507916,17
17,1.928,72,0.241,Hembra,12,2,-0.197354350985821,0.3039647106336,17
17,4.128,75,0.258,Hembra,13,2,0.43791823844403,0.525463658965259,17
17,1.26,77,0.252,Hembra,14,2,-0.390246209958157,0.673129624519698,17
17,4.352,79,0.256,Hembra,15,2,0.502600538458706,0.820795590074138,17
17,6.408,82,0.267,Hembra,16,2,1.09629164930769,1.0422945384058,17
17,2.67,84,0.267,Hembra,17,2,0.0169057678127927,1.18996050396024,17
17,2.69,86,0.269,Hembra,18,2,0.0226809731712459,1.33762646951468,17
17,4.726,89,0.278,Hembra,19,2,0.610596878661781,1.55912541784634,17
17,1.71,91,0.285,Hembra,20,2,-0.26030408939296,1.70679138340078,17
18,1.837,47,0.167,Hembra,1,2,-0.223631535366783,-1.54185985879689,18
18,NA,49,0.179,Hembra,2,2,NA,-1.39419389324245,18
18,NA,50,0.179,Hembra,2,2,NA,-1.32036091046523,18
18,2.079,51,0.189,Hembra,3,2,-0.153751550529499,-1.24652792768802,18
18,1.56,54,0.195,Hembra,4,2,-0.303618129581359,-1.02502897935636,18
18,0.39,56,0.195,Hembra,5,2,-0.641467643050871,-0.877363013801916,18
18,2.046,58,0.186,Hembra,6,2,-0.163280639370947,-0.729697048247477,18
18,1.242,61,0.207,Hembra,7,2,-0.395443894780765,-0.508198099915818,18
18,2.847,63,0.219,Hembra,8,2,0.0680163352351034,-0.360532134361378,18
18,3.024,65,0.216,Hembra,9,2,0.119126902657414,-0.212866168806939,18
18,1.589,68,0.227,Hembra,10,2,-0.295244081811602,0.00863277952472073,18
18,2.772,70,0.231,Hembra,11,2,0.0463593151409039,0.15629874507916,18
18,1.422,72,0.237,Hembra,12,2,-0.343467046554686,0.3039647106336,18
18,1.904,75,0.238,Hembra,13,2,-0.204284597415965,0.525463658965259,18
18,0.741,77,0.247,Hembra,14,2,-0.540112789010018,0.673129624519698,18
18,1.5,79,0.25,Hembra,15,2,-0.320943745656719,0.820795590074138,18
18,2.048,82,0.256,Hembra,16,2,-0.162703118835102,1.0422945384058,18
18,1.566,84,0.261,Hembra,17,2,-0.301885567973823,1.18996050396024,18
18,1.82,86,0.26,Hembra,18,2,-0.228540459921468,1.33762646951468,18
18,2.926,89,0.266,Hembra,19,2,0.0908283964009936,1.55912541784634,18
18,2.915,91,0.265,Hembra,20,2,0.0876520334538443,1.70679138340078,18
19,0.148,47,0.148,Hembra,1,2,-0.711347627888155,-1.54185985879689,19
19,NA,49,0.165,Hembra,2,2,NA,-1.39419389324245,19
19,NA,50,0.165,Hembra,2,2,NA,-1.32036091046523,19
19,0.696,51,0.174,Hembra,3,2,-0.553107001066537,-1.24652792768802,19
19,0.712,54,0.178,Hembra,4,2,-0.548486836779775,-1.02502897935636,19
19,0.728,56,0.182,Hembra,5,2,-0.543866672493012,-0.877363013801916,19
19,0.398,58,0.199,Hembra,6,2,-0.63915756090749,-0.729697048247477,19
19,1.358,61,0.194,Hembra,7,2,-0.361947703701737,-0.508198099915818,19
19,0.404,63,0.202,Hembra,8,2,-0.637424999299954,-0.360532134361378,19
19,0.206,65,0.206,Hembra,9,2,-0.69459953234864,-0.212866168806939,19
19,1.962,68,0.218,Hembra,10,2,-0.18753650187645,0.00863277952472073,19
19,1.332,70,0.222,Hembra,11,2,-0.369455470667726,0.15629874507916,19
19,1.712,72,0.214,Hembra,12,2,-0.259726568857115,0.3039647106336,19
19,2.061,75,0.229,Hembra,13,2,-0.158949235352107,0.525463658965259,19
19,1.896,77,0.237,Hembra,14,2,-0.206594679559346,0.673129624519698,19
19,1.659,79,0.237,Hembra,15,2,-0.275030863057016,0.820795590074138,19
19,2.51,82,0.251,Hembra,16,2,-0.0292958750548329,1.0422945384058,19
19,3.75,84,0.25,Hembra,17,2,0.328766857169265,1.18996050396024,19
19,1.458,86,0.243,Hembra,18,2,-0.333071676909471,1.33762646951468,19
19,2.032,89,0.254,Hembra,19,2,-0.167323283121864,1.55912541784634,19
19,3.367,91,0.259,Hembra,20,2,0.218171674554886,1.70679138340078,19
20,0.382,47,0.191,Hembra,1,2,-0.643777725194252,-1.54185985879689,20
20,NA,49,0.2,Hembra,2,2,NA,-1.39419389324245,20
20,NA,50,0.2,Hembra,2,2,NA,-1.32036091046523,20
20,0.63,51,0.21,Hembra,3,2,-0.572165178749433,-1.24652792768802,20
20,1.326,54,0.221,Hembra,4,2,-0.371188032275262,-1.02502897935636,20
20,0.458,56,0.229,Hembra,5,2,-0.62183194483213,-0.877363013801916,20
20,2.043,58,0.227,Hembra,6,2,-0.164146920174715,-0.729697048247477,20
20,1.19,61,0.238,Hembra,7,2,-0.410459428712743,-0.508198099915818,20
20,4.32,63,0.24,Hembra,8,2,0.493360209885181,-0.360532134361378,20
20,0.504,65,0.252,Hembra,9,2,-0.608548972507688,-0.212866168806939,20
20,2.25,68,0.25,Hembra,10,2,-0.104373544714724,0.00863277952472073,20
20,4.572,70,0.254,Hembra,11,2,0.566127797401691,0.15629874507916,20
20,3.354,72,0.258,Hembra,12,2,0.214417791071892,0.3039647106336,20
20,1.89,75,0.27,Hembra,13,2,-0.208327241166882,0.525463658965259,20
20,2.136,77,0.267,Hembra,14,2,-0.137292215257907,0.673129624519698,20
20,1.911,79,0.273,Hembra,15,2,-0.202263275540506,0.820795590074138,20
20,2.216,82,0.277,Hembra,16,2,-0.114191393824095,1.0422945384058,20
20,1.946,84,0.278,Hembra,17,2,-0.192156666163213,1.18996050396024,20
20,2.002,86,0.286,Hembra,18,2,-0.175986091159544,1.33762646951468,20
20,1.71,89,0.285,Hembra,19,2,-0.26030408939296,1.55912541784634,20
20,2.32,91,0.29,Hembra,20,2,-0.0841603259601382,1.70679138340078,20
22,1.232,47,0.154,Hembra,1,2,-0.398331497459992,-1.54185985879689,22
22,NA,49,0.164,Hembra,2,2,NA,-1.39419389324245,22
22,NA,50,0.164,Hembra,2,2,NA,-1.32036091046523,22
22,1.038,51,0.173,Hembra,3,2,-0.454350989436988,-1.24652792768802,22
22,1.84,54,0.184,Hembra,4,2,-0.222765254563015,-1.02502897935636,22
22,0.558,56,0.186,Hembra,5,2,-0.592955918039864,-0.877363013801916,22
22,1.086,58,0.181,Hembra,6,2,-0.4404904965767,-0.729697048247477,22
22,0.804,61,0.201,Hembra,7,2,-0.52192089213089,-0.508198099915818,22
22,1.64,63,0.205,Hembra,8,2,-0.280517308147547,-0.360532134361378,22
22,1.477,65,0.211,Hembra,9,2,-0.32758523181894,-0.212866168806939,22
22,2.676,68,0.223,Hembra,10,2,0.0186383294203287,0.00863277952472073,22
22,1.05,70,0.21,Hembra,11,2,-0.450885866221916,0.15629874507916,22
22,1.105,72,0.221,Hembra,12,2,-0.435004051486169,0.3039647106336,22
22,2.31,75,0.231,Hembra,13,2,-0.0870479286393647,0.525463658965259,22
22,1.11,77,0.222,Hembra,14,2,-0.433560250146556,0.673129624519698,22
22,0.454,79,0.227,Hembra,15,2,-0.622986985903821,0.820795590074138,22
22,0.956,82,0.239,Hembra,16,2,-0.478029331406646,1.0422945384058,22
22,0.48,84,0.24,Hembra,17,2,-0.615479218937832,1.18996050396024,22
22,0.936,86,0.234,Hembra,18,2,-0.483804536765099,1.33762646951468,22
22,0.741,89,0.247,Hembra,19,2,-0.540112789010018,1.55912541784634,22
22,1.23,91,0.246,Hembra,20,2,-0.398909017995837,1.70679138340078,22
24,3.565,47,0.155,Hembra,1,2,0.275346207603573,-1.54185985879689,24
24,NA,49,0.165,Hembra,2,2,NA,-1.39419389324245,24
24,NA,50,0.165,Hembra,2,2,NA,-1.32036091046523,24
24,0.504,51,0.168,Hembra,3,2,-0.608548972507688,-1.24652792768802,24
24,0.732,54,0.183,Hembra,4,2,-0.542711631421322,-1.02502897935636,24
24,0.576,56,0.192,Hembra,5,2,-0.587758233217256,-0.877363013801916,24
24,0.406,58,0.203,Hembra,6,2,-0.636847478764109,-0.729697048247477,24
24,1.035,61,0.207,Hembra,7,2,-0.455217270240756,-0.508198099915818,24
24,1.505,63,0.215,Hembra,8,2,-0.319499944317106,-0.360532134361378,24
24,0.876,65,0.219,Hembra,9,2,-0.501130152840459,-0.212866168806939,24
24,2.664,68,0.222,Hembra,10,2,0.0151732062052568,0.00863277952472073,24
24,2.76,70,0.23,Hembra,11,2,0.042894191925832,0.15629874507916,24
24,1.356,72,0.226,Hembra,12,2,-0.362525224237582,0.3039647106336,24
24,1.428,75,0.238,Hembra,13,2,-0.34173448494715,0.525463658965259,24
24,3.068,77,0.236,Hembra,14,2,0.131832354446011,0.673129624519698,24
24,1.47,79,0.245,Hembra,15,2,-0.329606553694399,0.820795590074138,24
24,0.756,82,0.252,Hembra,16,2,-0.535781384991178,1.0422945384058,24
24,0.996,84,0.249,Hembra,17,2,-0.466478920689739,1.18996050396024,24
24,0.25,86,0.25,Hembra,18,2,-0.681894080560043,1.33762646951468,24
24,1.584,89,0.264,Hembra,19,2,-0.296687883151216,1.55912541784634,24
24,1.869,91,0.267,Hembra,20,2,-0.214391206793258,1.70679138340078,24
25,2.758,47,0.197,Macho,1,2,0.0423166713899867,-1.54185985879689,25
25,NA,49,0.22,Macho,2,2,NA,-1.39419389324245,25
25,NA,50,0.22,Macho,2,2,NA,-1.32036091046523,25
25,1.708,51,0.244,Macho,3,2,-0.260881609928806,-1.24652792768802,25
25,3.696,54,0.264,Macho,4,2,0.313173802701441,-1.02502897935636,25
25,2.272,56,0.284,Macho,5,2,-0.0980208188204259,-0.877363013801916,25
25,3.48,58,0.29,Macho,6,2,0.250801584830147,-0.729697048247477,25
25,2.488,61,0.311,Macho,7,2,-0.0356486009491313,-0.508198099915818,25
25,5.372,63,0.316,Macho,8,2,0.797136011739819,-0.360532134361378,25
25,2.736,65,0.342,Macho,9,2,0.0359639454956883,-0.212866168806939,25
25,3.85,68,0.35,Macho,10,2,0.357642883961531,0.00863277952472073,25
25,2.471,70,0.353,Macho,11,2,-0.0405575255038165,0.15629874507916,25
25,7.644,72,0.364,Macho,12,2,1.4531993404601,0.3039647106336,25
25,6,75,0.375,Macho,13,2,0.978477459995249,0.525463658965259,25
25,3.88,77,0.388,Macho,14,2,0.366305691999211,0.673129624519698,25
25,4.367,79,0.397,Macho,15,2,0.506931942477546,0.820795590074138,25
25,1.236,82,0.412,Macho,16,2,-0.397176456388301,1.0422945384058,25
25,1.66,84,0.415,Macho,17,2,-0.274742102789093,1.18996050396024,25
25,2.14,86,0.428,Macho,18,2,-0.136137174186217,1.33762646951468,25
25,2.21,89,0.442,Macho,19,2,-0.115923955431631,1.55912541784634,25
25,1.365,91,0.455,Macho,20,2,-0.359926381826278,1.70679138340078,25
26,2.151,47,0.239,Macho,1,2,-0.132960811239068,-1.54185985879689,26
26,NA,49,0.256,Macho,2,2,NA,-1.39419389324245,26
26,NA,50,0.256,Macho,2,2,NA,-1.32036091046523,26
26,1.674,51,0.279,Macho,3,2,-0.270699459038176,-1.24652792768802,26
26,2.736,54,0.304,Macho,4,2,0.0359639454956883,-1.02502897935636,26
26,2.592,56,0.324,Macho,5,2,-0.00561753308517473,-0.877363013801916,26
26,3.63,58,0.33,Macho,6,2,0.294115625018546,-0.729697048247477,26
26,3.52,61,0.352,Macho,7,2,0.262351995547053,-0.508198099915818,26
26,5.068,63,0.362,Macho,8,2,0.70935289029133,-0.360532134361378,26
26,2.611,65,0.373,Macho,9,2,-0.000131087994644161,-0.212866168806939,26
26,5.474,68,0.391,Macho,10,2,0.82658955906793,0.00863277952472073,26
26,6.304,70,0.394,Macho,11,2,1.06626058144374,0.15629874507916,26
26,3.681,72,0.409,Macho,12,2,0.308842398682601,0.3039647106336,26
26,4.13,75,0.413,Macho,13,2,0.438495758979876,0.525463658965259,26
26,7.242,77,0.426,Macho,14,2,1.33711771275519,0.673129624519698,26
26,5.244,79,0.437,Macho,15,2,0.760174697445718,0.820795590074138,26
26,5.72,82,0.44,Macho,16,2,0.897624584976904,1.0422945384058,26
26,5.824,84,0.448,Macho,17,2,0.927655652840861,1.18996050396024,26
26,7.888,86,0.464,Macho,18,2,1.52365684583323,1.33762646951468,26
26,5.071,89,0.461,Macho,19,2,0.710219171095098,1.55912541784634,26
26,7.11,91,0.474,Macho,20,2,1.2990013573894,1.70679138340078,26
29,0.4,47,0.2,Macho,1,2,-0.638580040371645,-1.54185985879689,29
29,NA,49,0.216,Macho,2,2,NA,-1.39419389324245,29
29,NA,50,0.216,Macho,2,2,NA,-1.32036091046523,29
29,2.39,51,0.239,Macho,3,2,-0.0639471072055519,-1.24652792768802,29
29,0.524,54,0.262,Macho,4,2,-0.602773767149235,-1.02502897935636,29
29,7.046,56,0.271,Macho,5,2,1.28052070024235,-0.877363013801916,29
29,2.75,58,0.275,Macho,6,2,0.0400065892466055,-0.729697048247477,29
29,2.7,61,0.3,Macho,7,2,0.0255685758504725,-0.508198099915818,29
29,4.004,63,0.308,Macho,8,2,0.40211196522162,-0.360532134361378,29
29,2.925,65,0.325,Macho,9,2,0.0905396361330708,-0.212866168806939,29
29,2.712,68,0.339,Macho,10,2,0.0290336990655444,0.00863277952472073,29
29,4.05,70,0.405,Macho,11,2,0.415394937546063,0.15629874507916,29
29,5.796,72,0.414,Macho,12,2,0.919570365339026,0.3039647106336,29
29,2.532,75,0.422,Macho,13,2,-0.0229431491605343,0.525463658965259,29
29,2.175,77,0.435,Macho,14,2,-0.126030564808924,0.673129624519698,29
29,1.32,79,0.44,Macho,15,2,-0.372920593882798,0.820795590074138,29
29,1.356,82,0.452,Macho,16,2,-0.362525224237582,1.0422945384058,29
29,7.803,84,0.459,Macho,17,2,1.4991122230598,1.18996050396024,29
29,1.884,86,0.471,Macho,18,2,-0.210059802774418,1.33762646951468,29
29,3.465,89,0.495,Macho,19,2,0.246470180811307,1.55912541784634,29
29,3.451,91,0.493,Macho,20,2,0.24242753706039,1.70679138340078,29
30,0.744,47,0.248,Macho,1,2,-0.53924650820625,-1.54185985879689,30
30,NA,49,0.278,Macho,2,2,NA,-1.39419389324245,30
30,NA,50,0.278,Macho,2,2,NA,-1.32036091046523,30
30,0.582,51,0.291,Macho,3,2,-0.586025671609721,-1.24652792768802,30
30,2.56,54,0.32,Macho,4,2,-0.0148578616586998,-1.02502897935636,30
30,5.312,56,0.332,Macho,5,2,0.779810395664459,-0.877363013801916,30
30,1.45,58,0.29,Macho,6,2,-0.335381759052852,-0.729697048247477,30
30,2.506,61,0.358,Macho,7,2,-0.0304509161265235,-0.508198099915818,30
30,2.373,63,0.339,Macho,8,2,-0.0688560317602371,-0.360532134361378,30
30,3.8,65,0.38,Macho,9,2,0.343204870565398,-0.212866168806939,30
30,4.788,68,0.399,Macho,10,2,0.628500015272986,0.00863277952472073,30
30,3.806,70,0.346,Macho,11,2,0.344937432172934,0.15629874507916,30
30,3.59,72,0.359,Macho,12,2,0.282565214301639,0.3039647106336,30
30,4.862,75,0.374,Macho,13,2,0.649868275099262,0.525463658965259,30
30,3.82,77,0.382,Macho,14,2,0.348980075923851,0.673129624519698,30
30,4.279,79,0.389,Macho,15,2,0.481521038900352,0.820795590074138,30
30,2.814,82,0.402,Macho,16,2,0.0584872463936557,1.0422945384058,30
30,4.16,84,0.416,Macho,17,2,0.447158567017555,1.18996050396024,30
30,2.015,86,0.403,Macho,18,2,-0.172232207676549,1.33762646951468,30
30,3.735,89,0.415,Macho,19,2,0.324435453150425,1.55912541784634,30
30,3.024,91,0.432,Macho,20,2,0.119126902657414,1.70679138340078,30
32,1.098,47,0.183,Macho,1,2,-0.437025373361628,-1.54185985879689,32
32,NA,49,0.206,Macho,2,2,NA,-1.39419389324245,32
32,NA,50,0.206,Macho,2,2,NA,-1.32036091046523,32
32,0.912,51,0.228,Macho,3,2,-0.490734783195243,-1.24652792768802,32
32,0.783,54,0.261,Macho,4,2,-0.527984857757266,-1.02502897935636,32
32,0.562,56,0.281,Macho,5,2,-0.591800876968174,-0.877363013801916,32
32,0.849,58,0.283,Macho,6,2,-0.50892668007437,-0.729697048247477,32
32,1.77,61,0.295,Macho,7,2,-0.242978473317601,-0.508198099915818,32
32,0.618,63,0.309,Macho,8,2,-0.575630301964505,-0.360532134361378,32
32,0.65,65,0.325,Macho,9,2,-0.56638997339098,-0.212866168806939,32
32,1.968,68,0.328,Macho,10,2,-0.185803940268914,0.00863277952472073,32
32,0.678,70,0.339,Macho,11,2,-0.558304685889145,0.15629874507916,32
32,0.59,72,0.295,Macho,12,2,-0.583715589466339,0.3039647106336,32
32,0.61,75,0.305,Macho,13,2,-0.577940384107886,0.525463658965259,32
32,1.58,77,0.316,Macho,14,2,-0.297842924222906,0.673129624519698,32
32,0.99,79,0.33,Macho,15,2,-0.468211482297275,0.820795590074138,32
32,1.023,82,0.341,Macho,16,2,-0.458682393455828,1.0422945384058,32
32,1.755,84,0.351,Macho,17,2,-0.247309877336441,1.18996050396024,32
32,1.101,86,0.367,Macho,18,2,-0.43615909255786,1.33762646951468,32
32,0.76,89,0.38,Macho,19,2,-0.534626343919487,1.55912541784634,32
32,1.182,91,0.394,Macho,20,2,-0.412769510856125,1.70679138340078,32
33,0.088,46,0.088,Hembra,1,3,-0.728673243963514,-1.61569284157411,33
33,0.226,48,0.113,Hembra,2,3,-0.688824326990187,-1.46802687601967,33
33,4.092,50,0.124,Hembra,3,3,0.427522868798814,-1.32036091046523,33
33,0.745,53,0.149,Hembra,4,3,-0.538957747938327,-1.09886196213358,33
33,0.312,55,0.156,Hembra,5,3,-0.663990943948839,-0.951195996579136,33
33,1.155,57,0.165,Hembra,6,3,-0.420566038090037,-0.803530031024697,33
33,0.528,60,0.176,Hembra,7,3,-0.601618726077544,-0.582031082693037,33
33,5.068,62,0.181,Hembra,8,3,0.70935289029133,-0.434365117138598,33
33,1.92,64,0.192,Hembra,9,3,-0.199664433129202,-0.286699151584158,33
33,0.6,67,0.2,Hembra,10,3,-0.580827986787113,-0.065200203252499,33
33,1.442,69,0.206,Hembra,11,3,-0.337691841196233,0.0824657623019405,33
33,2.639,71,0.203,Hembra,12,3,0.00795419950719018,0.23013172785638,33
33,2.23,74,0.223,Hembra,13,3,-0.110148750073178,0.451630676188039,33
33,0.219,76,0.219,Hembra,14,3,-0.690845648865646,0.599296641742479,33
33,0.663,78,0.221,Hembra,15,3,-0.562636089907985,0.746962607296918,33
33,0.69,81,0.23,Hembra,16,3,-0.554839562674073,0.968461555628577,33
33,1.344,83,0.224,Hembra,17,3,-0.365990347452654,1.11612752118302,33
33,1.701,85,0.243,Hembra,18,3,-0.262902931804264,1.26379348673746,33
33,2.43,88,0.243,Hembra,19,3,-0.0523966964886456,1.48529243506912,33
33,0.729,90,0.243,Hembra,20,3,-0.543577912225089,1.63295840062356,33
35,0.644,46,0.092,Hembra,1,3,-0.568122534998516,-1.61569284157411,35
35,0.24,48,0.12,Hembra,2,3,-0.68478168323927,-1.46802687601967,35
35,0.256,50,0.128,Hembra,3,3,-0.680161518952508,-1.32036091046523,35
35,0.465,53,0.155,Hembra,4,3,-0.619810622956672,-1.09886196213358,35
35,0.825,55,0.165,Hembra,5,3,-0.515856926504514,-0.951195996579136,35
35,0.875,57,0.175,Hembra,6,3,-0.501418913108381,-0.803530031024697,35
35,0.752,60,0.188,Hembra,7,3,-0.536936426062868,-0.582031082693037,35
35,1.94,62,0.194,Hembra,8,3,-0.193889227770749,-0.434365117138598,35
35,1.26,64,0.21,Hembra,9,3,-0.390246209958157,-0.286699151584158,35
35,1.278,67,0.213,Hembra,10,3,-0.385048525135549,-0.065200203252499,35
35,2.628,69,0.219,Hembra,11,3,0.00477783656004102,0.0824657623019405,35
35,1.338,71,0.223,Hembra,12,3,-0.36772290906019,0.23013172785638,35
35,1.14,74,0.228,Hembra,13,3,-0.424897442108876,0.451630676188039,35
35,3.318,76,0.237,Hembra,14,3,0.204022421426676,0.599296641742479,35
35,0.948,78,0.237,Hembra,15,3,-0.480339413550027,0.746962607296918,35
35,1.687,81,0.241,Hembra,16,3,-0.266945575555182,0.968461555628577,35
35,2.94,83,0.245,Hembra,17,3,0.0948710401519108,1.11612752118302,35
35,1.757,85,0.251,Hembra,18,3,-0.246732356800595,1.26379348673746,35
35,2.55,88,0.255,Hembra,19,3,-0.0177454643379265,1.48529243506912,35
35,1.53,90,0.255,Hembra,20,3,-0.312280937619039,1.63295840062356,35
36,0.262,46,0.131,Hembra,1,3,-0.678428957344971,-1.61569284157411,36
36,0.432,48,0.144,Hembra,2,3,-0.629339711798119,-1.46802687601967,36
36,0.312,50,0.156,Hembra,3,3,-0.663990943948839,-1.32036091046523,36
36,0.342,53,0.171,Hembra,4,3,-0.655328135911159,-1.09886196213358,36
36,0.36,55,0.18,Hembra,5,3,-0.650130451088551,-0.951195996579136,36
36,0.579,57,0.193,Hembra,6,3,-0.586891952413488,-0.803530031024697,36
36,0.201,60,0.201,Hembra,7,3,-0.696043333688254,-0.582031082693037,36
36,0.596,62,0.298,Hembra,8,3,-0.581983027858803,-0.434365117138598,36
36,0.418,64,0.209,Hembra,9,3,-0.633382355549037,-0.286699151584158,36
36,0.442,67,0.221,Hembra,10,3,-0.626452109118893,-0.065200203252499,36
36,0.462,69,0.231,Hembra,11,3,-0.620676903760439,0.0824657623019405,36
36,0.693,71,0.231,Hembra,12,3,-0.553973281870305,0.23013172785638,36
36,0.699,74,0.233,Hembra,13,3,-0.552240720262769,0.451630676188039,36
36,0.714,76,0.238,Hembra,14,3,-0.547909316243929,0.599296641742479,36
36,0.486,78,0.243,Hembra,15,3,-0.613746657330296,0.746962607296918,36
36,7.44,81,0.248,Hembra,16,3,1.39429224580388,0.968461555628577,36
36,0.51,83,0.255,Hembra,17,3,-0.606816410900152,1.11612752118302,36
36,1.028,85,0.257,Hembra,18,3,-0.457238592116214,1.26379348673746,36
36,0.807,88,0.269,Hembra,19,3,-0.521054611327122,1.48529243506912,36
36,0.807,90,0.269,Hembra,20,3,-0.521054611327122,1.63295840062356,36
37,0.58,46,0.116,Hembra,1,3,-0.586603192145566,-1.61569284157411,37
37,0.726,48,0.121,Hembra,2,3,-0.544444193028857,-1.46802687601967,37
37,0,50,0.122,Hembra,3,3,-0.754084147540708,-1.32036091046523,37
37,0.144,53,0.144,Hembra,4,3,-0.712502668959845,-1.09886196213358,37
37,0.765,55,0.153,Hembra,5,3,-0.533182542579874,-0.951195996579136,37
37,0.332,57,0.166,Hembra,6,3,-0.658215738590385,-0.803530031024697,37
37,0.362,60,0.181,Hembra,7,3,-0.649552930552705,-0.582031082693037,37
37,0.561,62,0.187,Hembra,8,3,-0.592089637236096,-0.434365117138598,37
37,0.386,64,0.193,Hembra,9,3,-0.642622684122562,-0.286699151584158,37
37,20.293,67,0.223,Hembra,10,3,5.10572796941382,-0.065200203252499,37
37,0.418,69,0.209,Hembra,11,3,-0.633382355549037,0.0824657623019405,37
37,1.05,71,0.21,Hembra,12,3,-0.450885866221916,0.23013172785638,37
37,0.852,74,0.213,Hembra,13,3,-0.508060399270602,0.451630676188039,37
37,0.436,76,0.218,Hembra,14,3,-0.628184670726429,0.599296641742479,37
37,0.436,78,0.218,Hembra,15,3,-0.628184670726429,0.746962607296918,37
37,0.88,81,0.22,Hembra,16,3,-0.499975111768768,0.968461555628577,37
37,1.368,83,0.228,Hembra,17,3,-0.35906010102251,1.11612752118302,37
37,2.784,85,0.232,Hembra,18,3,0.0498244383559758,1.26379348673746,37
37,0.98,88,0.245,Hembra,19,3,-0.471099084976502,1.48529243506912,37
37,0.484,90,0.242,Hembra,20,3,-0.614324177866141,1.63295840062356,37
38,0.201,46,0.067,Hembra,1,3,-0.696043333688254,-1.61569284157411,38
38,0.264,48,0.088,Hembra,2,3,-0.677851436809126,-1.46802687601967,38
38,0.202,50,0.101,Hembra,3,3,-0.695754573420331,-1.32036091046523,38
38,0.8,53,0.08,Hembra,4,3,-0.523075933202581,-1.09886196213358,38
38,0.11,55,0.11,Hembra,5,3,-0.722320518069216,-0.951195996579136,38
38,0,57,0.121,Hembra,6,3,-0.754084147540708,-0.803530031024697,38
38,0.288,60,0.144,Hembra,7,3,-0.670921190378982,-0.582031082693037,38
38,0,62,0.154,Hembra,8,3,-0.754084147540708,-0.434365117138598,38
38,0.166,64,0.166,Hembra,9,3,-0.706149943065547,-0.286699151584158,38
38,0.549,67,0.183,Hembra,10,3,-0.595554760451168,-0.065200203252499,38
38,0.764,69,0.191,Hembra,11,3,-0.533471302847796,0.0824657623019405,38
38,0.582,71,0.194,Hembra,12,3,-0.586025671609721,0.23013172785638,38
38,0.615,74,0.205,Hembra,13,3,-0.576496582768273,0.451630676188039,38
38,0.627,76,0.209,Hembra,14,3,-0.573031459553201,0.599296641742479,38
38,0.642,78,0.214,Hembra,15,3,-0.568700055534361,0.746962607296918,38
38,0.86,81,0.215,Hembra,16,3,-0.505750317127221,0.968461555628577,38
38,1.12,83,0.224,Hembra,17,3,-0.43067264746733,1.11612752118302,38
38,1.13,85,0.226,Hembra,18,3,-0.427785044788103,1.26379348673746,38
38,0.705,88,0.235,Hembra,19,3,-0.550508158655233,1.48529243506912,38
38,0.714,90,0.238,Hembra,20,3,-0.547909316243929,1.63295840062356,38
39,0.702,46,0.078,Hembra,1,3,-0.551374439459001,-1.61569284157411,39
39,0.327,48,0.109,Hembra,2,3,-0.659659539929999,-1.46802687601967,39
39,0.248,50,0.124,Hembra,3,3,-0.682471601095889,-1.32036091046523,39
39,0.115,53,0.115,Hembra,4,3,-0.720876716729602,-1.09886196213358,39
39,0.139,55,0.139,Hembra,5,3,-0.713946470299459,-0.951195996579136,39
39,0.159,57,0.159,Hembra,6,3,-0.708171264941005,-0.803530031024697,39
39,1.892,60,0.172,Hembra,7,3,-0.207749720631036,-0.582031082693037,39
39,0.179,62,0.179,Hembra,8,3,-0.702396059582552,-0.434365117138598,39
39,0.195,64,0.195,Hembra,9,3,-0.69777589529579,-0.286699151584158,39
39,0.212,67,0.212,Hembra,10,3,-0.692866970741104,-0.065200203252499,39
39,0.217,69,0.217,Hembra,11,3,-0.691423169401491,0.0824657623019405,39
39,0.44,71,0.22,Hembra,12,3,-0.627029629654738,0.23013172785638,39
39,0.675,74,0.225,Hembra,13,3,-0.559170966692913,0.451630676188039,39
39,0.458,76,0.229,Hembra,14,3,-0.62183194483213,0.599296641742479,39
39,0.466,78,0.233,Hembra,15,3,-0.619521862688749,0.746962607296918,39
39,0.492,81,0.246,Hembra,16,3,-0.61201409572276,0.968461555628577,39
39,0.729,83,0.243,Hembra,17,3,-0.543577912225089,1.11612752118302,39
39,0.512,85,0.256,Hembra,18,3,-0.606238890364307,1.26379348673746,39
39,2.86,88,0.26,Hembra,19,3,0.071770218718098,1.48529243506912,39
39,1.315,90,0.263,Hembra,20,3,-0.374364395222411,1.63295840062356,39
41,1.76,46,0.176,Macho,1,3,-0.245866075996827,-1.61569284157411,41
41,0.372,48,0.186,Macho,2,3,-0.646665327873479,-1.46802687601967,41
41,0.63,50,0.21,Macho,3,3,-0.572165178749433,-1.32036091046523,41
41,2.16,53,0.24,Macho,4,3,-0.130361968827764,-1.09886196213358,41
41,0.246,55,0.246,Macho,5,3,-0.683049121631734,-0.951195996579136,41
41,1.1,57,0.275,Macho,6,3,-0.436447852825783,-0.803530031024697,41
41,0.598,60,0.299,Macho,7,3,-0.581405507322958,-0.582031082693037,41
41,0,62,0.308,Macho,8,3,-0.754084147540708,-0.434365117138598,41
41,4.634,64,0.331,Macho,9,3,0.584030934012896,-0.286699151584158,41
41,1.368,67,0.342,Macho,10,3,-0.35906010102251,-0.065200203252499,41
41,1.76,69,0.352,Macho,11,3,-0.245866075996827,0.0824657623019405,41
41,2.184,71,0.364,Macho,12,3,-0.12343172239762,0.23013172785638,41
41,3.64,74,0.364,Macho,13,3,0.297003227697772,0.451630676188039,41
41,0,76,0.366,Macho,14,3,-0.754084147540708,0.599296641742479,41
41,2.28,78,0.38,Macho,15,3,-0.0957107366770446,0.746962607296918,41
41,2.751,81,0.393,Macho,16,3,0.0402953495145281,0.968461555628577,41
41,2.412,83,0.402,Macho,17,3,-0.0575943813112535,1.11612752118302,41
41,2.1,85,0.42,Macho,18,3,-0.147687584903123,1.26379348673746,41
41,3.888,88,0.432,Macho,19,3,0.368615774142592,1.48529243506912,41
41,2.574,90,0.429,Macho,20,3,-0.0108152179077827,1.63295840062356,41
42,0.324,46,0.162,Macho,1,3,-0.660525820733767,-1.61569284157411,42
42,0.348,48,0.174,Macho,2,3,-0.653595574303623,-1.46802687601967,42
42,0.582,50,0.194,Macho,3,3,-0.586025671609721,-1.32036091046523,42
42,1.704,53,0.213,Macho,4,3,-0.262036651000496,-1.09886196213358,42
42,0.237,55,0.237,Macho,5,3,-0.685647964043038,-0.951195996579136,42
42,0.744,57,0.248,Macho,6,3,-0.53924650820625,-0.803530031024697,42
42,0,60,0.263,Macho,7,3,-0.754084147540708,-0.582031082693037,42
42,0.562,62,0.281,Macho,8,3,-0.591800876968174,-0.434365117138598,42
42,0.293,64,0.293,Macho,9,3,-0.669477389039369,-0.286699151584158,42
42,1.746,67,0.291,Macho,10,3,-0.249908719747745,-0.065200203252499,42
42,2.086,69,0.298,Macho,11,3,-0.151730228654041,0.0824657623019405,42
42,2.135,71,0.305,Macho,12,3,-0.13758097552583,0.23013172785638,42
42,1.926,74,0.321,Macho,13,3,-0.197931871521666,0.451630676188039,42
42,2.016,76,0.336,Macho,14,3,-0.171943447408627,0.599296641742479,42
42,2.6,78,0.325,Macho,15,3,-0.00330745094179345,0.746962607296918,42
42,3.15,81,0.35,Macho,16,3,0.155510696415669,0.968461555628577,42
42,2.534,83,0.362,Macho,17,3,-0.0223656286246891,1.11612752118302,42
42,5.7,85,0.38,Macho,18,3,0.891849379618451,1.26379348673746,42
42,1.9,88,0.38,Macho,19,3,-0.205439638487655,1.48529243506912,42
42,4.213,90,0.383,Macho,20,3,0.462462861217456,1.63295840062356,42
43,0.408,46,0.204,Macho,1,3,-0.636269958228263,-1.61569284157411,43
43,0.888,48,0.222,Macho,2,3,-0.497665029625387,-1.46802687601967,43
43,0.696,50,0.232,Macho,3,3,-0.553107001066537,-1.32036091046523,43
43,0.522,53,0.261,Macho,4,3,-0.60335128768508,-1.09886196213358,43
43,0.27,55,0.27,Macho,5,3,-0.67611887520159,-0.951195996579136,43
43,1.722,57,0.287,Macho,6,3,-0.256838966177889,-0.803530031024697,43
43,1.555,60,0.311,Macho,7,3,-0.305061930920973,-0.582031082693037,43
43,1.296,62,0.324,Macho,8,3,-0.379850840312942,-0.434365117138598,43
43,3.015,64,0.335,Macho,9,3,0.11652806024611,-0.286699151584158,43
43,3.096,67,0.344,Macho,10,3,0.139917641947846,-0.065200203252499,43
43,1.396,69,0.349,Macho,11,3,-0.350974813520676,0.0824657623019405,43
43,3.56,71,0.356,Macho,12,3,0.27390240626396,0.23013172785638,43
43,3.68,74,0.368,Macho,13,3,0.308553638414679,0.451630676188039,43
43,4.29,76,0.39,Macho,14,3,0.484697401847501,0.599296641742479,43
43,1.895,78,0.379,Macho,15,3,-0.206883439827268,0.746962607296918,43
43,2.03,81,0.406,Macho,16,3,-0.167900803657709,0.968461555628577,43
43,2.793,83,0.399,Macho,17,3,0.0524232807672799,1.11612752118302,43
43,1.632,85,0.408,Macho,18,3,-0.282827390290928,1.26379348673746,43
43,1.636,88,0.409,Macho,19,3,-0.281672349219237,1.48529243506912,43
43,0.424,90,0.424,Macho,20,3,-0.631649793941501,1.63295840062356,43
45,0.208,46,0.208,Macho,1,3,-0.694022011812795,-1.61569284157411,45
45,1.512,48,0.216,Macho,2,3,-0.317478622441647,-1.46802687601967,45
45,0.672,50,0.224,Macho,3,3,-0.560037247496681,-1.32036091046523,45
45,1.5,53,0.25,Macho,4,3,-0.320943745656719,-1.09886196213358,45
45,1.335,55,0.267,Macho,5,3,-0.368589189863958,-0.951195996579136,45
45,0.873,57,0.291,Macho,6,3,-0.501996433644227,-0.803530031024697,45
45,3.278,60,0.298,Macho,7,3,0.19247201070977,-0.582031082693037,45
45,2.799,62,0.311,Macho,8,3,0.0541558423748158,-0.434365117138598,45
45,2.592,64,0.324,Macho,9,3,-0.00561753308517473,-0.286699151584158,45
45,3.36,67,0.336,Macho,10,3,0.216150352679428,-0.065200203252499,45
45,0.702,69,0.351,Macho,11,3,-0.551374439459001,0.0824657623019405,45
45,1.408,71,0.352,Macho,12,3,-0.347509690305604,0.23013172785638,45
45,2.238,74,0.373,Macho,13,3,-0.107838667929796,0.451630676188039,45
45,2.646,76,0.378,Macho,14,3,0.00997552138264884,0.599296641742479,45
45,3.447,78,0.383,Macho,15,3,0.241272495988699,0.746962607296918,45
45,4.02,81,0.402,Macho,16,3,0.406732129508383,0.968461555628577,45
45,5.343,83,0.411,Macho,17,3,0.788761963970062,1.11612752118302,45
45,4.968,85,0.414,Macho,18,3,0.680476863499064,1.26379348673746,45
45,3.416,88,0.427,Macho,19,3,0.232320927683097,1.48529243506912,45
45,3.915,90,0.435,Macho,20,3,0.376412301376504,1.63295840062356,45
47,0.38,46,0.19,Macho,1,3,-0.644355245730098,-1.61569284157411,47
47,0.78,48,0.195,Macho,2,3,-0.528851138561034,-1.46802687601967,47
47,0.836,50,0.209,Macho,3,3,-0.512680563557365,-1.32036091046523,47
47,1.404,53,0.234,Macho,4,3,-0.348664731377294,-1.09886196213358,47
47,1.928,55,0.241,Macho,5,3,-0.197354350985821,-0.951195996579136,47
47,2.112,57,0.264,Macho,6,3,-0.144222461688051,-0.803530031024697,47
47,7.025,60,0.281,Macho,7,3,1.27445673461597,-0.582031082693037,47
47,5.058,62,0.281,Macho,8,3,0.706465287612104,-0.434365117138598,47
47,0.596,64,0.298,Macho,9,3,-0.581983027858803,-0.286699151584158,47
47,1.24,67,0.31,Macho,10,3,-0.39602141531661,-0.065200203252499,47
47,2.536,69,0.317,Macho,11,3,-0.0217881080888437,0.0824657623019405,47
47,3.5,71,0.35,Macho,12,3,0.2565767901886,0.23013172785638,47
47,2.034,74,0.339,Macho,13,3,-0.166745762586019,0.451630676188039,47
47,2.471,76,0.353,Macho,14,3,-0.0405575255038165,0.599296641742479,47
47,2.832,78,0.354,Macho,15,3,0.0636849312162635,0.746962607296918,47
47,3.312,81,0.368,Macho,16,3,0.20228985981914,0.968461555628577,47
47,3.032,83,0.379,Macho,17,3,0.121436984800795,1.11612752118302,47
47,7.875,85,0.375,Macho,18,3,1.51990296235024,1.26379348673746,47
47,1.94,88,0.388,Macho,19,3,-0.193889227770749,1.48529243506912,47
47,0.794,90,0.397,Macho,20,3,-0.524808494810117,1.63295840062356,47
48,0.624,46,0.208,Macho,1,3,-0.573897740356969,-1.61569284157411,48
48,0.657,48,0.219,Macho,2,3,-0.564368651515521,-1.46802687601967,48
48,1.14,50,0.228,Macho,3,3,-0.424897442108876,-1.32036091046523,48
48,1.26,53,0.252,Macho,4,3,-0.390246209958157,-1.09886196213358,48
48,1.05,55,0.21,Macho,5,3,-0.450885866221916,-0.951195996579136,48
48,1.285,57,0.257,Macho,6,3,-0.383027203260091,-0.803530031024697,48
48,2.718,60,0.302,Macho,7,3,0.0307662606730803,-0.582031082693037,48
48,0.951,62,0.317,Macho,8,3,-0.479473132746259,-0.434365117138598,48
48,3.22,64,0.322,Macho,9,3,0.175723915170255,-0.286699151584158,48
48,3.9,67,0.325,Macho,10,3,0.372080897357664,-0.065200203252499,48
48,5.344,69,0.334,Macho,11,3,0.789050724237984,0.0824657623019405,48
48,2.853,71,0.317,Macho,12,3,0.0697488968426394,0.23013172785638,48
48,1.81,74,0.362,Macho,13,3,-0.231428062600695,0.451630676188039,48
48,3.056,76,0.382,Macho,14,3,0.128367231230939,0.599296641742479,48
48,1.146,78,0.382,Macho,15,3,-0.42316488050134,0.746962607296918,48
48,3.096,81,0.387,Macho,16,3,0.139917641947846,0.968461555628577,48
48,2.442,83,0.407,Macho,17,3,-0.0489315732735736,1.11612752118302,48
48,1.608,85,0.402,Macho,18,3,-0.289757636721072,1.26379348673746,48
48,3.717,88,0.413,Macho,19,3,0.319237768327817,1.48529243506912,48
48,2.135,90,0.427,Macho,20,3,-0.13758097552583,1.63295840062356,48
50,1.14,46,0.19,Macho,1,3,-0.424897442108876,-1.61569284157411,50
50,0.6,48,0.2,Macho,2,3,-0.580827986787113,-1.46802687601967,50
50,0.212,50,0.212,Macho,3,3,-0.692866970741104,-1.32036091046523,50
50,1.61,53,0.23,Macho,4,3,-0.289180116185226,-1.09886196213358,50
50,0.496,55,0.248,Macho,5,3,-0.610859054651069,-0.951195996579136,50
50,1.044,57,0.261,Macho,6,3,-0.452618427829452,-0.803530031024697,50
50,0.284,60,0.284,Macho,7,3,-0.672076231450673,-0.582031082693037,50
50,0.297,62,0.297,Macho,8,3,-0.668322347967678,-0.434365117138598,50
50,0.31,64,0.31,Macho,9,3,-0.664568464484684,-0.286699151584158,50
50,0.323,67,0.323,Macho,10,3,-0.660814581001689,-0.065200203252499,50
50,0.32,69,0.32,Macho,11,3,-0.661680861805457,0.0824657623019405,50
50,0.325,71,0.325,Macho,12,3,-0.660237060465844,0.23013172785638,50
50,0.336,74,0.336,Macho,13,3,-0.657060697518695,0.451630676188039,50
50,1.05,76,0.35,Macho,14,3,-0.450885866221916,0.599296641742479,50
50,0.714,78,0.357,Macho,15,3,-0.547909316243929,0.746962607296918,50
50,1.815,81,0.363,Macho,16,3,-0.229984261261081,0.968461555628577,50
50,1.113,83,0.371,Macho,17,3,-0.432693969342788,1.11612752118302,50
50,1.149,85,0.383,Macho,18,3,-0.422298599697572,1.26379348673746,50
50,1.584,88,0.396,Macho,19,3,-0.296687883151216,1.48529243506912,50
50,3.208,90,0.401,Macho,20,3,0.172258791955184,1.63295840062356,50
51,0.338,46,0.169,Macho,1,3,-0.656483176982849,-1.61569284157411,51
51,0.736,48,0.184,Macho,2,3,-0.541556590349631,-1.46802687601967,51
51,1.158,50,0.193,Macho,3,3,-0.419699757286269,-1.32036091046523,51
51,0.63,53,0.21,Macho,4,3,-0.572165178749433,-1.09886196213358,51
51,0.228,55,0.228,Macho,5,3,-0.688246806454342,-0.951195996579136,51
51,0,57,0.235,Macho,6,3,-0.754084147540708,-0.803530031024697,51
51,0.75,60,0.25,Macho,7,3,-0.537513946598714,-0.582031082693037,51
51,1.06,62,0.265,Macho,8,3,-0.447998263542689,-0.434365117138598,51
51,0.552,64,0.276,Macho,9,3,-0.5946884796474,-0.286699151584158,51
51,1.14,67,0.285,Macho,10,3,-0.424897442108876,-0.065200203252499,51
51,0.296,69,0.296,Macho,11,3,-0.668611108235601,0.0824657623019405,51
51,0.298,71,0.298,Macho,12,3,-0.668033587699756,0.23013172785638,51
51,0.311,74,0.311,Macho,13,3,-0.664279704216761,0.451630676188039,51
51,0.981,76,0.327,Macho,14,3,-0.470810324708579,0.599296641742479,51
51,0.981,78,0.327,Macho,15,3,-0.470810324708579,0.746962607296918,51
51,2.04,81,0.34,Macho,16,3,-0.165013200978483,0.968461555628577,51
51,1.044,83,0.348,Macho,17,3,-0.452618427829452,1.11612752118302,51
51,1.05,85,0.35,Macho,18,3,-0.450885866221916,1.26379348673746,51
51,1.456,88,0.364,Macho,19,3,-0.333649197445316,1.48529243506912,51
51,0.73,90,0.365,Macho,20,3,-0.543289151957167,1.63295840062356,51
